songID,song_name,artist,genre,tags,mp3_link,img_link,html_link
1,Funky Suspense,Bensound,Acoustic,"funky, upbeat, groovy, suspenseful, high_tempo, instrumental",bensound-funkysuspense.mp3,funkysuspense.jpg,funkysuspense.html
2,Jazzy Frenchy,Bensound,Acoustic,"funky, upbeat, driving, instrumental, high_tempo",bensound-jazzyfrenchy.mp3,jazzyfrenchy.jpg,jazzyfrenchy.html
3,Romantic,Bensound,Acoustic,"romantic, relaxed, groovy, instrumental, low_tempo",bensound-romantic.mp3,romantic.jpg,romantic.html
4,Cute,Bensound,Acoustic,"upbeat, relaxed, instrumental, low_tempo",bensound-cute.mp3,cute.jpg,cute.html
5,Acoustic Breeze,Bensound,Acoustic,"sad, instrumental, relaxed, high_tempo",bensound-acousticbreeze.mp3,acousticbreeze.jpg,acousticbreeze.html
6,Buddy,Bensound,Acoustic,"upbeat, relaxed, instrumental, high_tempo",bensound-buddy.mp3,buddy.jpg,buddy.html
7,Tenderness,Bensound,Acoustic,"sad, relaxed, instrumental, low_tempo",bensound-tenderness.mp3,tenderness.jpg,tenderness.html
8,Little Idea,Bensound,Corporate,"upbeat, groovy, instrumental, low_tempo",bensound-littleidea.mp3,littleidea.jpg,littleidea.html
9,Energy,Bensound,Corporate,"upbeat, groovy, instrumental, low_tempo",bensound-energy.mp3,energy.jpg,energy.html
10,Funky Element,Bensound,Corporate,"upbeat, funky, groovy, instrumental, high_tempo",bensound-funkyelement.mp3,funkyelement.jpg,funkyelement.html
11,Retrosoul,Bensound,Corporate,"upbeat, funky, groovy, instrumental, low_tempo",bensound-retrosoul.mp3,retrosoul.jpg,retrosoul.html
12,A New Beginning,Bensound,Corporate,"relaxed, low_tempo, instrumental",bensound-anewbeginning.mp3,anewbeginning.jpg,anewbeginning.html
13,Clear Day,Bensound,Corporate,"upbeat, groovy, instrumental, high_tempo",bensound-clearday.mp3,clearday.jpg,clearday.html
14,Clap and Yell,Bensound,Corporate,"upbeat, funky, groovy, high_tempo",bensound-clapandyell.mp3,clapandyell.jpg,clapandyell.html
15,Epic,Bensound,Cinematic,"epic, high_tempo, suspenseful, instrumental",bensound-epic.mp3,epic.jpg,epic.html
16,Better Days,Bensound,Cinematic,"sad, relaxed, low_tempo, instrumental",bensound-betterdays.mp3,betterdays.jpg,betterdays.html
17,Memories,Bensound,Cinematic,"upbeat, relaxed, romantic, instrumental, low-tempo",bensound-memories.mp3,memories.jpg,memories.html
18,Tomorrow,Bensound,Cinematic,"sad, relaxed, instrumental, low_tempo",bensound-tomorrow.mp3,tomorrow.jpg,tomorrow.html
19,November,Bensound,Cinematic,"sad, relaxed, instrumental, low_tempo",bensound-november.mp3,november.jpg,november.html
20,Slow Motion,Bensound,Cinematic,"sad, relaxed, synthetic,  low_tempo",bensound-slowmotion.mp3,slowmotion.jpg,slowmotion.html
21,Ofelia's Dream,Bensound,Cinematic,"suspenseful, sad, instrumental, low_tempo",bensound-ofeliasdream.mp3,ofeliasdream.jpg,ofeliasdream.html
22,Dubstep,Bensound,Electronic,"upbeat, epic, synthetic, high_tempo",bensound-dubstep.mp3,dubstep.jpg,dubstep.html
23,Sci-Fi,Bensound,Electronic,"upbeat, funky, groovy, suspenseful, synthetic, low_tempo",bensound-scifi.mp3,scifi.jpg,scifi.html
24,Moose,Bensound,Electronic,"upbeat, groovy, relaxed, synthetic, high_tempo",bensound-moose.mp3,moose.jpg,moose.html
25,House,Bensound,Electronic,"upbeat, groovy, synthetic, low_tempo",bensound-house.mp3,house.jpg,house.html
26,Pop Dance,Bensound,Electronic,"upbeat, groovy, relaxed epic, synthetic, high_tempo",bensound-popdance.mp3,popdance.jpg,popdance.html
27,Dance,Bensound,Electronic,"upbeat, funky, groovy, synthetic, high_tempo",bensound-dance.mp3,dance.jpg,dance.html
28,Happy Rock,Bensound,Rock,"upbeat, groovy, instrumental, epic, high_tempo",bensound-happyrock.mp3,happyrock.jpg,happyrock.html
29,Rumble,Bensound,Rock,"upbeat, groovy, instrumental, high_tempo",bensound-rumble.mp3,rumble.jpg,rumble.html
30,Extreme Action,Bensound,Rock,"groovy, suspenseful, epic, instrumental, high_tempo",bensound-extremeaction.mp3,extremeaction.jpg,extremeaction.html
31,Actionable,Bensound,Rock,"groovy, suspenseful, epic, instrumental, low_tempo",bensound-actionable.mp3,actionable.jpg,actionable.html
32,Motherlode,Incompetech,Rock,"groovy, funky, relaxed, low_tempo, instrumental",incompetech-motherlode.mp3,extremeaction.jpg,motherlode.html
33,Ready Aim Fire,Incompetech,Rock,"epic, suspenseful, high_tempo, instrumental",incompetech-readyaimfire.mp3,funkyelement.jpg,readyaimfire.html
34,Exhilarate,Incompetech,Rock,"epic, suspenseful, high_tempo, instrumental",incompetech-exhilarate.mp3,dubstep.jpg,exhilarate.html
35,Retro Future Nasty,Incompetech,Rock,"upbeat, funky, groovy, instrumental, high_tempo",incompetech-retrofuturenasty.mp3,energy.jpg,retrofuturenasty.html
36,Raw,Incompetech,Rock,"groovy, relaxed, instrumental, low_tempo",incompetech-raw.mp3,happyrock.jpg,raw.html
37,Ministrel Guild,Incompetech,Acoustic,"upbeat, relaxed, instrumental, low_tempo",incompetech-ministrelguild.mp3,slowmotion.jpg,ministrelguild.html
38,District Four,Incompetech,Acoustic,"upbeat, groovy, relaxed, instrumental, low_tempo",incompetech-districtfour.mp3,scifi.jpg,districtfour.html
39,Deadly Roulette,Incompetech,Acoustic,"funky, groovy, suspenseful, instrumental, low_tempo",incompetech-deadlyroulette.mp3,romantic.jpg,deadlyroulette.html
